City_ID,City,Lat,Lng,Max Temp,Humidity,Cloudiness,Wind Speed,Country,Date
0,hotan,37.0997,79.9269,286.73,22,13,1.7,CN,1697233751
1,cabo san lucas,22.8909,-109.9124,306.27,66,2,5.23,MX,1697233751
2,bikenibeu village,1.3673,173.1241,303.13,74,40,2.06,KI,1697233751
3,ladario,-19.0047,-57.6017,303.2,42,0,2.06,BR,1697233752
4,adamstown,-25.066,-130.1015,294.14,79,100,7.16,PN,1697233719
5,khuzdar,27.7384,66.6434,294.56,27,0,2.39,PK,1697233752
6,castillos,-34.1667,-53.8333,282.09,66,1,2.43,UY,1697233725
7,port elizabeth,-33.918,25.5701,287.31,96,75,1.54,ZA,1697233752
8,terralba,39.7192,8.6392,294.25,52,0,2.68,IT,1697233753
9,waitangi,-43.9535,-176.5597,285.42,89,23,14.26,NZ,1697233753
10,fonte boa,-2.4959,-66.2662,301.86,64,100,0.38,BR,1697233753
11,chinde,26.8418,88.0763,287.59,85,7,1.86,NP,1697233753
12,caceres,39.522,-6.3748,295.32,43,100,1.54,ES,1697233754
13,ghat,24.9647,10.1728,298.36,25,4,1.06,LY,1697233754
14,edinburgh of the seven seas,-37.0676,-12.3116,288.08,95,100,12.62,SH,1697233719
15,bilibino,68.0546,166.4372,266.46,95,100,1.12,RU,1697233724
16,qaqortoq,60.7167,-46.0333,276.73,58,72,2.48,GL,1697233741
17,djibo,14.1022,-1.6306,307.18,25,9,1.99,BF,1697233755
18,vorkuta,67.5,64.0,272.59,85,100,2.24,RU,1697233755
19,port hedland,-20.3167,118.5667,296.18,28,0,4.12,AU,1697233755
20,georgetown,5.4112,100.3354,300.11,86,40,1.54,MY,1697233575
21,cromer,52.9312,1.2989,283.19,71,55,11.7,GB,1697233755
22,hadibu,12.65,54.0333,299.86,78,16,1.68,YE,1697233756
23,tiksi,71.6872,128.8694,267.51,96,100,1.57,RU,1697233756
24,papatowai,-46.5619,169.4708,284.87,69,80,1.73,NZ,1697233756
25,hamilton,39.1834,-84.5333,298.7,55,75,4.12,US,1697233594
26,kuhdasht,33.535,47.6061,291.72,36,4,0.93,IR,1697233757
27,ilulissat,69.2167,-51.1,273.16,93,100,6.17,GL,1697233757
28,palopo,-2.9996,120.1921,297.83,80,13,1.46,ID,1697233757
29,saipan,15.1355,145.701,300.54,89,75,3.09,MP,1697233757
30,aasiaat,68.7098,-52.8699,272.18,97,100,6.52,GL,1697233757
31,la'ie,21.6477,-157.9253,304.13,70,26,2.68,US,1697233758
32,invercargill,-46.4,168.35,283.72,92,100,4.47,NZ,1697233665
33,grytviken,-54.2811,-36.5092,274.31,96,100,8.87,GS,1697233758
34,whitehorse,60.7161,-135.0538,284.58,70,75,6.17,CA,1697233743
35,west island,-12.1568,96.8225,298.14,83,75,6.17,CC,1697233759
36,college,64.8569,-147.8028,275.97,76,40,0.0,US,1697233759
37,sena madureira,-9.0656,-68.6569,298.77,83,99,2.44,BR,1697233759
38,margaret river,-33.95,115.0667,284.12,90,11,4.72,AU,1697233729
39,port-aux-francais,-49.35,70.2167,275.97,76,66,9.39,TF,1697233760
40,yellowknife,62.456,-114.3525,284.49,92,40,6.71,CA,1697233260
41,labrador city,52.9463,-66.9114,280.1,93,100,4.63,CA,1697233760
42,pangai,-19.8,-174.35,299.21,69,75,6.69,TO,1697233760
43,tolanaro,-25.0319,46.9987,296.19,94,20,4.63,MG,1697233761
44,vorgashor,67.5833,63.95,272.46,82,100,2.1,RU,1697233720
45,bredasdorp,-34.5322,20.0403,286.9,94,37,3.82,ZA,1697233761
46,primero de mayo,-32.2552,-58.4228,287.41,44,26,3.87,AR,1697233761
47,samana,19.2056,-69.3369,304.27,70,20,3.09,DO,1697233516
48,luderitz,-26.6481,15.1594,288.67,67,0,8.39,NA,1697233762
49,ancud,-41.8697,-73.8203,283.75,74,98,1.49,CL,1697233762
50,shingu,33.7333,135.9833,290.31,77,100,1.46,JP,1697233762
51,idri,27.5,13.2667,297.27,30,0,3.62,LY,1697233763
52,chibougamau,49.9168,-74.3659,281.94,93,75,2.57,CA,1697233763
53,howrah,22.5892,88.3103,299.15,78,20,0.0,IN,1697233739
54,anton lizardo,19.05,-95.9833,307.27,79,20,2.93,MX,1697233763
55,shamkhal,43.0596,47.3373,285.82,45,0,5.36,RU,1697233764
56,portland,45.5234,-122.6762,294.99,57,75,5.66,US,1697233568
57,wailua homesteads,22.0669,-159.378,303.22,62,0,4.63,US,1697233764
58,ushuaia,-54.8,-68.3,280.96,66,75,14.4,AR,1697233764
59,ribeira grande,38.5167,-28.7,291.91,94,100,5.36,PT,1697233764
60,igarka,67.4667,86.5833,273.32,88,100,6.74,RU,1697233469
61,nago,26.5881,127.9761,297.62,68,0,4.79,JP,1697233765
62,namibe,-15.1961,12.1522,292.49,77,14,2.3,AO,1697233765
63,moyynkum,44.2914,72.9469,281.13,59,97,6.0,KZ,1697233765
64,navirai,-23.065,-54.1906,296.1,65,89,2.88,BR,1697233765
65,nova sintra,14.8667,-24.7167,298.02,80,85,3.32,CV,1697233766
66,antonio enes,-16.2325,39.9086,298.05,77,80,6.47,MZ,1697233766
67,mahibadhoo,3.7833,72.9667,300.71,73,79,5.42,MV,1697233766
68,bani,18.2833,-70.3333,305.84,75,97,1.95,DO,1697233766
69,gobabis,-22.45,18.9667,291.74,11,0,3.65,NA,1697233767
70,anadyr,64.75,177.4833,274.43,86,40,2.0,RU,1697233767
71,lebu,-37.6167,-73.65,284.19,79,95,8.93,CL,1697233767
72,port douglas,-16.4833,145.4667,296.75,65,76,1.69,AU,1697233768
73,st. john's,47.5649,-52.7093,285.19,98,100,4.12,CA,1697233768
74,olonkinbyen,70.9221,-8.7187,271.26,80,100,10.77,SJ,1697233725
75,avarua,-21.2078,-159.775,298.18,69,75,3.09,CK,1697233740
76,thompson,55.7435,-97.8558,288.24,55,0,2.57,CA,1697233768
77,faya-largeau,17.9257,19.1043,303.94,21,0,7.92,TD,1697233769
78,enniscorthy,52.5008,-6.5578,282.49,88,3,3.21,IE,1697233769
79,lagoa,39.05,-27.9833,290.66,92,100,9.82,PT,1697233769
80,port alfred,-33.5906,26.891,287.69,98,91,6.53,ZA,1697233722
81,kailua-kona,19.6406,-155.9956,302.13,79,40,4.63,US,1697233769
82,langsa,4.4683,97.9683,296.82,96,88,0.78,ID,1697233770
83,smyshlyayevka,53.2391,50.3907,279.86,92,4,3.4,RU,1697233770
84,deniliquin,-35.5333,144.9667,286.49,74,13,5.98,AU,1697233770
85,knjazevac,43.5648,22.2502,286.94,54,30,1.23,RS,1697233770
86,belokurikha,51.9959,84.9896,279.02,92,100,4.47,RU,1697233771
87,burang,30.25,81.1667,275.17,83,41,1.32,CN,1697233771
88,constantia,44.1833,28.65,286.53,60,37,1.15,RO,1697233771
89,preobrazheniye,42.9019,133.9064,287.28,64,100,3.58,RU,1697233771
90,puerto natales,-51.7236,-72.4875,279.55,81,37,3.95,CL,1697233720
91,sisimiut,66.9395,-53.6735,275.1,72,100,8.68,GL,1697233741
92,moissala,8.3404,17.7663,296.14,91,94,1.34,TD,1697233772
93,corner brook,48.9667,-57.9484,284.24,99,100,1.97,CA,1697233772
94,puerto ayora,-0.7393,-90.3518,302.13,75,67,4.26,EC,1697233738
95,magdagachi,53.45,125.8,278.0,62,95,2.14,RU,1697233773
96,nova vicosa,-17.8919,-39.3719,298.07,83,99,6.95,BR,1697233773
97,alofi,-19.0595,-169.9187,300.09,69,99,4.12,NU,1697233773
98,nili,33.7218,66.1302,285.25,42,1,2.83,AF,1697233773
99,albany,42.6001,-73.9662,288.11,56,17,1.79,US,1697233745
100,hithadhoo,-0.6,73.0833,300.29,73,49,2.95,MV,1697233774
101,nagqu,31.5,92.0,270.08,29,78,0.31,CN,1697233774
102,vadso,70.0744,29.7487,271.64,86,24,4.12,NO,1697233774
103,kebili,33.7044,8.969,295.89,34,0,1.09,TN,1697233774
104,huarmey,-10.0681,-78.1522,293.9,80,49,4.21,PE,1697233775
105,colchani,-20.3,-66.9333,290.5,12,33,1.94,BO,1697233775
106,chonchi,-42.6128,-73.8092,285.71,82,100,2.18,CL,1697233751
107,carnarvon,-24.8667,113.6333,296.25,58,70,6.26,AU,1697233775
108,westport,41.1415,-73.3579,290.31,55,0,4.12,US,1697233530
109,la punta,-33.1837,-66.3127,292.66,22,50,6.62,AR,1697233776
110,harstad,68.799,16.5293,274.6,71,11,4.47,NO,1697233776
111,gaspra,44.4333,34.1,287.63,79,100,1.13,UA,1697233776
112,santa ana,33.7456,-117.8678,304.79,55,75,3.09,US,1697233179
113,touros,-5.1989,-35.4608,299.15,82,8,7.65,BR,1697233742
114,port moresby,-9.4431,147.1797,298.83,89,100,2.57,PG,1697233777
115,fale old settlement,-9.3852,-171.2468,301.66,77,100,10.65,TK,1697233777
116,tabuk,17.4189,121.4443,296.33,93,94,1.06,PH,1697233777
117,bethel,41.3712,-73.414,289.62,61,12,0.45,US,1697233751
118,punta arenas,-53.15,-70.9167,282.21,61,0,12.35,CL,1697233631
119,tazovsky,67.4667,78.7,273.43,98,100,6.72,RU,1697233778
120,altay,47.8667,88.1167,284.75,42,100,1.44,CN,1697233778
121,ciudad lazaro cardenas,17.9583,-102.2,302.05,77,41,3.92,MX,1697233773
122,haiku-pauwela,20.9219,-156.3051,300.16,70,40,9.77,US,1697233778
123,pariaman,-0.619,100.12,297.18,91,79,0.95,ID,1697233779
124,mancio lima,-7.6142,-72.8958,301.19,78,75,1.03,BR,1697233779
125,charlestown,-32.95,151.6667,292.05,57,1,1.34,AU,1697233779
126,badger,64.8,-147.5333,275.92,77,40,0.45,US,1697233780
127,lompoc,34.6391,-120.4579,297.47,70,40,4.12,US,1697233780
128,klyuchi,52.2667,79.1667,277.68,79,39,3.94,RU,1697233780
129,coahuayana de hidalgo,18.7,-103.6583,302.49,72,34,2.32,MX,1697233780
130,longyearbyen,78.2186,15.6401,272.06,69,40,8.23,SJ,1697233780
131,gualdo tadino,43.2317,12.781,289.5,78,23,11.18,IT,1697233781
132,salekhard,66.53,66.6019,273.06,99,100,1.28,RU,1697233781
133,arias,-33.6441,-62.4027,291.21,23,36,3.76,AR,1697233781
134,east london,-33.0153,27.9116,289.83,83,98,6.27,ZA,1697233559
135,yanam,16.7333,82.2167,298.02,84,30,1.37,IN,1697233782
136,nizhneangarsk,55.7833,109.55,276.48,72,44,4.47,RU,1697233782
137,fizuli,39.5771,47.4084,281.09,60,1,0.42,AZ,1697233782
138,piat,17.7905,121.478,297.26,91,96,0.57,PH,1697233782
139,crane,31.3974,-102.3501,298.22,18,0,4.49,US,1697233783
140,quito,-0.2299,-78.5249,287.68,86,99,1.66,EC,1697233613
141,ust-nera,64.5667,143.2,261.05,95,100,2.24,RU,1697233783
142,port mathurin,-19.6833,63.4167,295.45,69,39,5.9,MU,1697233783
143,hermanus,-34.4187,19.2345,287.01,89,61,4.76,ZA,1697233784
144,bedele,8.456,36.353,285.55,96,24,1.23,ET,1697233784
145,blackmans bay,-43.0167,147.3167,286.22,70,99,5.55,AU,1697233784
146,whitby,54.4877,-0.615,282.21,78,5,4.47,GB,1697233716
147,atafu village,-8.5421,-172.5159,301.79,75,98,10.51,TK,1697233784
148,aksuat,48.7167,83.7,283.75,71,99,1.32,KZ,1697233785
149,ponta delgada,37.7333,-25.6667,296.03,94,75,7.72,PT,1697233785
150,arraial do cabo,-22.9661,-42.0278,295.13,88,100,6.69,BR,1697233719
151,kapa'a,22.0752,-159.319,303.97,62,0,4.63,US,1697233785
152,laojunmiao,39.8333,97.7333,280.05,27,0,2.18,CN,1697233786
153,udachny,66.4167,112.4,263.4,85,54,1.88,RU,1697233786
154,codrington,-38.2667,141.9667,286.01,79,100,8.47,AU,1697233786
155,fort mcmurray,56.7268,-111.381,283.92,66,20,6.17,CA,1697233629
156,bakanas,44.8081,76.2772,282.6,59,100,7.56,KZ,1697233719
157,kongoussi,13.3258,-1.5347,305.01,31,3,1.1,BF,1697233787
158,margate,51.3813,1.3862,284.75,84,97,4.47,GB,1697233726
159,polyarnyy,69.1989,33.4478,274.07,81,18,2.88,RU,1697233787
160,iqaluit,63.7506,-68.5145,274.0,80,75,1.03,CA,1697233718
161,san antonio de pale,-1.4014,5.6325,299.08,82,98,4.28,GQ,1697233788
162,port lincoln,-34.7333,135.8667,287.74,74,100,6.1,AU,1697233750
163,lata,40.1629,-8.3327,295.33,74,100,1.29,PT,1697233788
164,boa vista,2.8197,-60.6733,309.14,32,40,5.14,BR,1697233552
165,walvis bay,-22.9575,14.5053,286.68,94,1,1.54,NA,1697233789
166,tura,25.5198,90.2201,293.66,83,0,1.1,IN,1697233789
167,linxia chengguanzhen,35.6003,103.2064,279.5,68,7,0.67,CN,1697233789
168,vernon,50.2581,-119.2691,291.35,55,33,0.51,CA,1697233789
169,horta,38.5333,-28.6333,291.49,94,100,5.36,PT,1697233790
170,pavilosta,56.8879,21.1859,289.1,89,100,13.48,LV,1697233790
171,nikolayevsk-on-amure,53.1406,140.73,278.6,67,59,1.42,RU,1697233790
172,kisangani,0.5167,25.2,297.25,77,15,1.18,CD,1697233791
173,uturoa,-16.7333,-151.4333,298.91,76,17,6.9,PF,1697233791
174,ceeldheer,3.8488,47.1806,299.25,85,9,4.09,SO,1697233791
175,ayr,55.4627,-4.6339,282.14,76,20,9.26,GB,1697233791
176,severo-yeniseyskiy,60.3725,93.0408,274.03,90,100,4.02,RU,1697233791
177,merizo village,13.2658,144.6691,300.46,95,99,5.05,GU,1697233792
178,kaa-khem,51.6833,94.7333,277.82,67,23,1.83,RU,1697233762
179,twon-brass,4.3151,6.2418,299.81,83,71,4.58,NG,1697233792
180,utrik,11.2278,169.8474,301.32,78,78,4.31,MH,1697233792
181,palo santo,-25.5633,-59.3378,294.8,31,0,3.23,AR,1697233792
182,campeni,46.3667,23.05,286.71,78,53,0.74,RO,1697233793
183,yinchuan,38.4681,106.2731,286.44,33,28,1.51,CN,1697233793
184,roja,57.5,22.8167,287.2,94,100,8.63,LV,1697233793
185,raja,8.4596,25.678,295.88,83,74,0.92,SS,1697233794
186,itoman,26.1247,127.6694,298.16,72,40,7.72,JP,1697233794
187,castrovillari,39.8203,16.2123,289.42,75,2,2.17,IT,1697233794
188,isafjordur,66.0755,-23.124,268.86,77,66,3.96,IS,1697233794
189,iskateley,67.6803,53.1512,274.27,76,100,4.02,RU,1697233795
190,cartagena del chaira,1.3349,-74.8429,301.84,69,95,0.77,CO,1697233542
191,katsuura,35.1333,140.3,291.24,65,9,2.47,JP,1697233795
192,sumbe,-11.2061,13.8437,296.48,87,100,4.95,AO,1697233795
193,thunder bay,48.4001,-89.3168,283.14,76,75,3.6,CA,1697233737
194,naliya,23.2667,68.8333,299.59,75,0,3.15,IN,1697233796
195,sinop,41.7711,34.8709,284.35,63,1,1.07,TR,1697233796
196,darfo boario terme,45.8835,10.1807,292.4,81,44,0.45,IT,1697233796
197,al muwayh,22.4333,41.7583,297.6,17,0,4.91,SA,1697233796
198,itaituba,-4.2761,-55.9836,310.24,47,20,1.08,BR,1697233505
199,yung shue wan,22.2333,114.1167,298.53,69,100,0.45,HK,1697233797
200,coruripe,-10.1256,-36.1756,298.24,83,5,5.71,BR,1697233511
201,kourou,5.1552,-52.6478,302.18,78,84,4.77,GF,1697233797
202,mzimba,-11.9,33.6,296.99,41,95,4.34,MW,1697233797
203,maceio,-9.6658,-35.7353,298.84,88,40,4.12,BR,1697233798
204,kodiak,57.79,-152.4072,278.88,61,40,2.06,US,1697233798
205,hawaiian paradise park,19.5933,-154.9731,302.06,77,0,3.6,US,1697233766
206,tindouf,27.6711,-8.1474,300.4,21,0,2.06,DZ,1697233798
207,nemuro,43.3236,145.575,287.86,74,0,3.1,JP,1697233799
208,suratgarh,29.3167,73.9,301.51,26,4,4.24,IN,1697233799
209,basud,14.065,122.9642,299.12,86,96,1.74,PH,1697233799
210,sault ste. marie,46.5168,-84.3333,287.31,62,75,3.6,CA,1697233619
211,kingston,17.997,-76.7936,304.68,68,40,7.2,JM,1697233669
212,chenzhou,25.8,113.0333,288.83,91,46,0.85,CN,1697233800
213,puerto deseado,-47.7503,-65.8938,284.72,51,25,8.08,AR,1697233800
214,pionerskiy,54.9508,20.2275,290.23,78,86,12.72,RU,1697233800
215,lodwar,3.1191,35.5973,303.97,41,4,8.3,KE,1697233800
216,mao,39.8885,4.2658,293.46,100,0,2.06,ES,1697233801
217,jamestown,42.097,-79.2353,286.77,59,0,3.6,US,1697233773
218,maxixe,-23.8597,35.3472,296.64,96,61,2.51,MZ,1697233801
219,ta`u,-14.2336,-169.5144,300.24,74,87,8.01,AS,1697233801
220,gurupa,-1.405,-51.64,302.17,54,62,0.85,BR,1697233801
221,stanley,54.868,-1.6985,281.08,79,0,5.66,GB,1697233802
222,quiberon,47.4841,-3.1196,289.3,84,65,5.81,FR,1697233802
223,selfoss,63.9331,-20.9971,271.66,61,14,3.88,IS,1697233802
224,hengchun,22.0042,120.7439,298.03,81,45,5.45,TW,1697233802
225,karratha,-20.7377,116.8463,300.09,25,0,4.74,AU,1697233803
226,crucecita,-28.95,-58.9833,288.69,56,0,3.59,AR,1697233803
227,vilhena,-12.7406,-60.1458,298.27,88,40,1.03,BR,1697233803
228,mabaruma,8.2,-59.7833,303.15,74,20,3.09,GY,1697233803
229,pico truncado,-46.7949,-67.9573,287.32,35,94,7.22,AR,1697233804
230,amungan,15.3652,119.9582,299.5,79,81,1.9,PH,1697233804
231,mount isa,-20.7333,139.5,295.02,20,16,4.63,AU,1697233804
232,manturovo,58.3353,44.7619,279.14,79,26,4.42,RU,1697233804
233,baganga,7.5739,126.56,298.82,84,100,1.73,PH,1697233805
234,nieuw amsterdam,5.8833,-55.0833,306.24,64,20,1.03,SR,1697233805
235,zhangatas,43.5667,69.75,277.52,75,76,3.94,KZ,1697233805
236,aral,40.5156,81.2636,290.74,25,56,3.02,CN,1697233805
237,kaindy,42.8247,73.6759,278.11,90,100,2.62,KG,1697233806
238,kone,-21.0595,164.8658,299.46,63,7,1.44,NC,1697233806
239,fort bragg,35.139,-79.006,298.47,50,100,2.06,US,1697233806
240,san pedro pochutla,15.7333,-96.4667,301.63,73,100,2.29,MX,1697233806
241,la passe,45.5549,-0.8967,292.58,81,99,8.56,FR,1697233806
242,astrakhan,46.3497,48.0408,288.09,88,0,7.15,RU,1697233807
243,turpan,42.9333,89.1667,293.25,26,24,0.98,CN,1697233807
244,fortuna,40.5982,-124.1573,287.66,90,75,3.09,US,1697233807
245,legionowo,52.4015,20.9266,290.49,87,0,5.14,PL,1697233807
246,leua,48.2156,18.6071,290.09,70,30,2.23,SK,1697233808
247,smithers,54.7804,-127.1743,287.33,54,20,4.63,CA,1697233808
248,vilyuchinsk,52.9306,158.4028,277.0,93,100,0.82,RU,1697233808
249,shuangjiang,26.1547,109.7138,286.86,95,100,1.26,CN,1697233808
250,taltal,-25.4,-70.4833,290.8,72,24,2.37,CL,1697233809
251,mazatlan,23.2167,-106.4167,304.21,67,21,2.24,MX,1697233800
252,lib,8.3122,167.3766,301.22,76,99,2.91,MH,1697233809
253,enewetak,11.3474,162.3373,301.49,73,70,3.57,MH,1697233809
254,dalandzadgad,43.5708,104.425,282.98,26,0,4.09,MN,1697233810
255,tamanrasset,22.785,5.5228,297.1,23,40,5.14,DZ,1697233776
256,sol'-iletsk,51.1631,54.9918,281.67,71,100,7.59,RU,1697233810
257,sidi bennour,32.6524,-8.4277,296.96,45,97,2.56,MA,1697233810
258,cova figueira,14.8905,-24.2934,298.21,80,94,2.52,CV,1697233810
259,nowshera cantonment,33.9967,72.0131,297.37,30,97,0.52,PK,1697233811
260,morehead city,34.7229,-76.726,297.16,67,0,4.12,US,1697233646
261,yemetsk,63.4721,41.7941,276.76,85,92,4.9,RU,1697233811
262,fort st. john,56.2499,-120.8529,280.09,93,100,5.14,CA,1697233695
263,lisakovsk,52.5369,62.4936,280.55,69,100,9.03,KZ,1697233811
264,pau brasil,-15.4642,-39.6511,296.49,81,67,2.77,BR,1697233626
265,namie,37.4833,141.0,287.68,68,86,1.94,JP,1697233812
266,saint-philippe,-21.3585,55.7679,294.92,85,20,3.84,RE,1697233812
267,cooper's town,26.8667,-77.5167,301.85,81,100,3.53,BS,1697233812
268,zemio,5.0314,25.1361,296.35,83,87,1.14,CF,1697233813
269,geraldton,-28.7667,114.6,288.38,72,0,1.54,AU,1697233813
270,souillac,-20.5167,57.5167,296.36,78,40,2.57,MU,1697233813
271,igrim,63.1906,64.4162,275.94,85,99,5.81,RU,1697233813
272,gorontalo,0.5412,123.0595,296.61,82,91,1.08,ID,1697233813
273,baramula,34.2,74.35,287.79,48,81,1.37,IN,1697233814
274,turabah,21.2141,41.6331,297.63,18,0,4.45,SA,1697233814
275,mount pearl,47.5166,-52.7813,284.73,98,100,4.12,CA,1697233814
276,steamboat springs,40.485,-106.8317,280.89,60,100,3.09,US,1697233815
277,praya,14.9215,-23.5087,301.45,78,20,4.12,CV,1697233767
278,yanykurgan,43.915,67.2481,279.47,49,2,3.07,KZ,1697233815
279,prince rupert,54.3161,-130.3201,287.2,75,0,1.54,CA,1697233815
280,fengxian,34.7039,116.5872,288.07,62,2,0.8,CN,1697233815
281,oranjemund,-28.55,16.4333,287.7,83,0,6.84,NA,1697233726
282,kuala tungkal,-0.8167,103.4667,298.04,86,100,2.75,ID,1697233816
283,afaahiti,-17.75,-149.2833,302.08,74,21,5.01,PF,1697233816
284,paracuru,-3.41,-39.0306,300.43,82,46,6.54,BR,1697233816
285,juneau,58.3019,-134.4197,286.54,93,75,3.6,US,1697233806
286,kerikeri,-35.2268,173.9474,291.43,81,4,2.24,NZ,1697233733
287,kyaikkami,16.08,97.5675,299.07,85,79,1.52,MM,1697233817
288,pala,9.3642,14.9046,299.57,62,22,1.9,TD,1697233817
289,olinda,-8.0089,-34.8553,300.0,78,75,4.63,BR,1697233817
290,boca do acre,-8.7522,-67.3978,304.64,52,86,1.48,BR,1697233818
291,mhamid,29.82,-5.72,297.54,24,21,1.97,MA,1697233818
292,oyonnax,46.2592,5.6573,293.22,87,29,3.61,FR,1697233818
293,arnprior,45.4334,-76.3494,286.8,73,72,2.45,CA,1697233818
294,lihue,21.9789,-159.3672,303.56,63,0,4.63,US,1697233819
295,plettenberg bay,-34.0527,23.3716,287.26,86,41,2.12,ZA,1697233819
296,beyneu,45.3167,55.2,282.75,60,0,4.82,KZ,1697233819
297,asau,46.4333,26.4,281.66,89,23,2.19,RO,1697233819
298,hasaki,35.7333,140.8333,285.37,59,12,3.7,JP,1697233819
299,cruzeiro do sul,-29.5128,-51.9853,288.99,81,9,3.37,BR,1697233820
300,tuy hoa,13.0833,109.3,297.86,94,100,1.2,VN,1697233820
301,glendive,47.1053,-104.7125,281.87,70,100,2.57,US,1697233820
302,mokhsogollokh,61.4681,128.9203,267.72,82,100,0.9,RU,1697233820
303,broken hill,-31.95,141.4333,288.27,66,1,3.13,AU,1697233699
304,nogliki,51.8333,143.1667,281.46,78,100,5.61,RU,1697233821
305,rio grande,-32.035,-52.0986,290.21,65,2,4.25,BR,1697233821
306,eraan,9.0629,117.7016,299.08,88,97,2.38,PH,1697233821
307,jwaneng,-24.6004,24.7303,291.92,14,0,3.79,BW,1697233822
308,ambodifotatra,-16.9833,49.85,297.52,87,68,2.49,MG,1697233822
309,jalai nur,49.45,117.7,280.51,57,17,3.63,CN,1697233822
310,camrose,53.0168,-112.8353,284.89,52,0,8.3,CA,1697233568
311,ambato boeny,-16.4667,46.7167,297.82,82,23,2.12,MG,1697233823
312,daltonganj,24.0333,84.0667,293.14,63,0,1.62,IN,1697233823
313,batang,-6.4846,110.7083,299.29,75,90,2.93,ID,1697233823
314,paita,-5.0892,-81.1144,294.43,78,30,7.88,PE,1697233824
315,punta del este,-34.9667,-54.95,289.21,70,20,2.57,UY,1697233824
316,suoyarvi,62.0833,32.35,276.33,90,100,2.31,RU,1697233824
317,khovd,48.0056,91.6419,282.33,38,64,0.81,MN,1697233824
318,el matama,16.7095,33.3565,305.8,22,0,3.76,SD,1697233825
319,vila velha,-20.3297,-40.2925,300.12,78,20,5.14,BR,1697233825
320,callao,-12.0667,-77.15,292.31,72,100,3.09,PE,1697233825
321,porto-vecchio,41.591,9.2795,291.89,82,0,1.54,FR,1697233826
322,petropavlovsk-kamchatsky,53.0452,158.6483,276.18,73,75,6.71,RU,1697233826
323,antofagasta,-23.65,-70.4,290.75,75,15,2.58,CL,1697233826
324,qamdo,31.1667,97.2333,269.31,35,6,1.29,CN,1697233755
325,guiratinga,-16.3494,-53.7583,303.0,52,83,1.56,BR,1697233826
326,magong,23.5654,119.5863,298.34,74,23,9.35,TW,1697233827
327,skien,59.2075,9.6105,283.44,77,46,5.44,NO,1697233827
328,bayanhongor,46.7167,100.1167,274.31,37,20,1.22,MN,1697233827
329,cuatro cienegas de carranza,26.9833,-102.0833,305.35,34,0,6.2,MX,1697233771
330,kapuskasing,49.4169,-82.4331,282.2,76,100,6.17,CA,1697233828
331,sathupalli,17.2497,80.869,296.3,91,13,1.68,IN,1697233828
332,es castell,39.8795,4.2854,293.53,100,0,2.06,ES,1697233828
333,sengkang,-4.1279,120.0297,296.08,93,43,1.38,ID,1697233828
334,touba,8.2833,-7.6833,295.55,92,78,1.32,CI,1697233829
335,aykhal,66.0,111.5,265.41,73,70,1.34,RU,1697233829
336,las heras,-46.5419,-68.9359,289.61,29,89,3.77,AR,1697233829
337,villamontes,-21.25,-63.5,299.84,28,24,0.0,BO,1697233829
338,ola,59.5833,151.2833,271.16,56,81,2.98,RU,1697233830
339,keflavik,64.0049,-22.5624,273.1,69,40,4.12,IS,1697233830
340,semirom,31.4167,51.5667,284.41,39,0,1.23,IR,1697233830
341,pimentel,-6.8367,-79.9342,297.31,64,0,9.26,PE,1697233830
342,khandyga,62.6667,135.6,262.93,98,98,0.82,RU,1697233830
343,lingcheng,22.7072,110.3492,293.65,86,97,2.05,CN,1697233831
344,weno,7.4515,151.8468,300.91,77,100,2.18,FM,1697233831
345,xunchang,28.4543,104.715,288.24,93,100,1.02,CN,1697233831
346,krasnyy chikoy,50.3643,108.7512,277.43,78,100,5.0,RU,1697233831
347,ad dawadimi,24.5077,44.3924,295.79,9,0,3.5,SA,1697233832
348,mossel bay,-34.1831,22.146,287.11,85,21,4.4,ZA,1697233832
349,refahiye,39.9008,38.7667,281.53,45,0,0.72,TR,1697233832
350,tofol,5.3248,163.0078,301.8,72,100,2.69,FM,1697233832
351,northam,51.0333,-4.2167,286.29,75,23,9.2,GB,1697233833
352,rio blanco,18.8333,-97.15,300.15,63,48,3.04,MX,1697233560
353,ambovombe,-25.1667,46.0833,296.76,77,71,4.02,MG,1697233833
354,fallon,39.4735,-118.7774,294.22,30,75,1.54,US,1697233833
355,skidel',53.5904,24.2478,289.06,80,95,7.33,BY,1697233834
356,tortoli,39.9256,9.6572,294.05,94,0,2.57,IT,1697233834
357,eydhafushi,5.1033,73.0708,300.79,76,100,3.79,MV,1697233834
358,kruisfontein,-34.0033,24.7314,285.75,90,79,1.14,ZA,1697233730
359,susuman,62.7833,148.1667,260.92,84,98,0.89,RU,1697233834
360,agaro,7.85,36.65,289.16,94,65,0.75,ET,1697233835
361,machico,32.7,-16.7667,300.44,88,20,1.54,PT,1697233835
362,novyy urengoy,66.0833,76.6333,274.22,98,100,4.55,RU,1697233835
363,tughyl,47.7252,84.2063,283.32,72,94,7.78,KZ,1697233835
364,monforte de lemos,42.5216,-7.5142,289.02,91,100,0.83,ES,1697233836
365,sandnessjoen,66.0217,12.6316,280.44,61,40,6.69,NO,1697233836
366,lewistown,40.5992,-77.5714,289.82,48,0,2.57,US,1697233836
367,san patricio,28.017,-97.5169,306.12,47,28,1.83,US,1697233836
368,bel ombre,-4.6167,55.4167,300.06,89,40,2.06,SC,1697233836
369,kayar,14.9192,-17.1211,298.68,87,91,6.63,SN,1697233837
370,lazaro cardenas,17.9583,-102.2,302.05,77,41,3.92,MX,1697233837
371,erenhot,43.6475,111.9767,281.72,31,0,3.56,CN,1697233837
372,porto novo,6.4965,2.6036,300.05,88,99,1.8,BJ,1697233837
373,n'zeto,-7.2312,12.8666,298.2,85,23,4.4,AO,1697233838
374,bereznik,62.8551,42.7072,276.52,85,99,5.42,RU,1697233838
375,khadan khak,30.7477,67.7085,287.82,43,21,3.98,PK,1697233838
376,at taraf,25.3628,49.725,300.45,41,0,1.8,SA,1697233838
377,riviere-du-loup,47.8304,-69.5342,282.64,93,94,2.57,CA,1697233839
378,salinopolis,-0.6136,-47.3561,300.63,81,63,6.03,BR,1697233748
379,antsiranana,-12.2787,49.2917,297.22,89,76,3.73,MG,1697233839
380,ilhabela,-23.7781,-45.3581,292.49,90,100,3.34,BR,1697233839
381,broome,42.2506,-75.833,285.7,73,53,1.34,US,1697233839
382,kingscliff,-28.2667,153.5667,295.8,60,86,4.63,AU,1697233840
383,chipata,-13.6333,32.65,298.26,33,33,2.2,ZM,1697233840
384,teningen,48.1295,7.8121,298.12,34,52,5.96,DE,1697233840
385,dunedin,-45.8742,170.5036,291.52,56,63,2.68,NZ,1697233840
386,murzuq,25.9155,13.9184,296.1,30,0,3.73,LY,1697233841
387,whangarei,-35.7317,174.3239,290.98,53,7,2.84,NZ,1697233841
388,bukama,-9.2,25.85,296.06,80,100,1.08,CD,1697233841
389,amga,60.8953,131.9608,269.25,81,76,2.68,RU,1697233841
390,mermoz boabab,14.7065,-17.4758,298.46,94,40,7.2,SN,1697233841
391,zilair,52.2332,57.4392,276.99,93,100,5.92,RU,1697233842
392,mahdia,35.5047,11.0622,295.12,67,0,0.88,TN,1697233842
393,homer,59.6425,-151.5483,279.09,79,75,2.57,US,1697233842
394,el calafate,-50.3408,-72.2768,281.29,74,9,5.18,AR,1697233842
395,restrepo,3.822,-76.5224,300.34,88,94,2.57,CO,1697233843
396,la ligua,-32.4524,-71.2311,290.8,59,100,1.9,CL,1697233843
397,cadale,2.7603,46.3222,299.35,87,13,3.73,SO,1697233843
398,chos malal,-37.3781,-70.2709,293.19,17,100,4.92,AR,1697233843
399,korba,22.35,82.6833,295.16,64,0,2.03,IN,1697233844
400,arys,42.4252,68.795,279.93,70,7,2.79,KZ,1697233844
401,cole harbour,44.6724,-63.4751,281.81,92,42,1.34,CA,1697233844
402,megion,61.0296,76.1136,277.16,91,100,6.72,RU,1697233742
403,vila franca do campo,37.7167,-25.4333,295.86,99,100,9.81,PT,1697233844
404,fukuecho,32.6881,128.8419,294.71,59,100,4.95,JP,1697233845
405,talnakh,69.4865,88.3972,272.71,96,97,2.83,RU,1697233845
406,selcuk,37.9514,27.3685,295.38,63,0,0.99,TR,1697233845
407,yeppoon,-23.1333,150.7333,294.03,61,0,1.08,AU,1697233776
408,nizhnesortymskiy,62.4397,71.7603,277.47,97,100,6.91,RU,1697233734
409,greymouth,-42.4667,171.2,285.25,85,90,11.92,NZ,1697233658
410,greenville,35.6127,-77.3663,298.24,53,0,2.06,US,1697233286
411,kyabe,9.4515,18.9449,299.06,63,29,0.69,TD,1697233846
412,newnham,-41.3833,147.1333,286.4,76,40,10.29,AU,1697233847
413,guerrero negro,27.9769,-114.0611,296.32,55,3,5.71,MX,1697233847
414,kuta,-8.7233,115.1723,299.12,88,40,2.68,ID,1697233847
415,edson,53.5835,-116.4356,280.21,93,100,3.6,CA,1697233593
416,winnemucca,40.973,-117.7357,291.18,25,0,2.57,US,1697233848
417,farsan,32.2569,50.561,284.17,44,13,2.57,IR,1697233848
418,mount gambier,-37.8333,140.7667,285.61,80,100,5.48,AU,1697233671
419,nishinoomote,30.7333,131.0,294.91,87,100,5.85,JP,1697233848
420,orchard homes,46.8633,-114.0484,291.95,47,0,0.89,US,1697233577
421,calama,-22.4667,-68.9333,299.42,6,0,10.8,CL,1697233616
422,san ignacio de velasco,-16.3667,-60.95,302.03,43,48,1.45,BO,1697233849
423,abepura,-2.6333,140.5833,299.6,78,20,1.03,ID,1697233849
424,papao,-17.75,-149.55,302.97,74,9,6.94,PF,1697233849
425,nyurba,63.2842,118.3319,269.88,51,100,1.79,RU,1697233849
426,hastings,50.8552,0.5729,284.22,48,89,9.85,GB,1697233850
427,dongfeng,42.6403,125.5118,282.67,83,72,1.38,CN,1697233850
428,ar ruways,24.1103,52.7306,303.27,57,0,2.53,AE,1697233850
429,kavali,14.9167,79.9833,299.86,79,87,1.41,IN,1697233850
430,coalcoman de vazquez pallares,18.7833,-103.15,297.43,86,40,0.76,MX,1697233851
431,flin flon,54.7682,-101.865,284.06,66,75,1.54,CA,1697233737
432,tucuma,-0.1833,-50.05,300.75,73,58,4.3,BR,1697233851
433,sao tome,0.3365,6.7273,299.14,85,99,0.46,ST,1697233851
434,puerto armuelles,8.2833,-82.8667,303.14,74,96,2.24,PA,1697233851
435,sur,22.5667,59.5289,301.03,72,0,3.65,OM,1697233852
436,luanda,-8.8368,13.2343,298.15,78,75,4.12,AO,1697233852
437,city of balikpapan,-1.242,116.8942,301.12,83,40,0.0,ID,1697233852
438,ierapetra,35.01,25.7353,293.79,69,7,1.79,GR,1697233852
439,oyama,36.3,139.8,289.03,54,44,0.81,JP,1697233853
440,pemba,-12.974,40.5178,298.54,65,0,4.12,MZ,1697233853
441,genhe,50.7833,121.5167,277.12,82,30,1.68,CN,1697233853
442,arauquita,7.0292,-71.4281,302.41,71,99,0.78,CO,1697233853
443,bardai,11.65,7.2333,300.08,31,95,3.06,NG,1697233854
444,rumuruti,0.267,36.5389,290.85,71,98,5.45,KE,1697233854
445,bubaque,11.2833,-15.8333,301.37,72,100,2.69,GW,1697233854
446,banda aceh,5.5577,95.3222,299.25,82,99,2.55,ID,1697233742
447,talcahuano,-36.7167,-73.1167,288.97,63,0,7.72,CL,1697233740
448,puerto baquerizo moreno,-0.9,-89.6,300.7,69,75,4.63,EC,1697233855
449,shakawe,-18.3667,21.85,300.91,37,99,4.07,BW,1697233855
450,nar'yan-mar,67.6713,53.087,274.32,76,100,4.02,RU,1697233747
451,gallup,35.5281,-108.7426,291.06,13,0,3.09,US,1697233855
452,juan griego,11.0817,-63.9655,306.22,58,74,6.69,VE,1697233856
453,tangalle,6.024,80.7911,297.24,89,100,0.99,LK,1697233856
454,howard springs,-12.497,131.047,299.1,74,16,1.39,AU,1697233856
455,cassia,-20.5831,-46.9219,298.06,71,92,1.17,BR,1697233856
456,sambava,-14.2667,50.1667,296.55,94,72,0.35,MG,1697233857
457,toliara,-23.35,43.6667,296.25,90,86,2.17,MG,1697233857
458,pakhtakoron,40.1571,68.7466,280.23,68,0,2.56,TJ,1697233857
459,yaren,-0.5472,166.916,302.46,69,13,3.74,NR,1697233857
460,zhangye,38.9342,100.4517,283.03,39,0,2.62,CN,1697233857
461,limulunga,-15.0969,23.1376,295.4,55,31,1.12,ZM,1697233858
462,puerto yuca,2.9383,-73.2083,299.11,89,98,0.93,CO,1697233858
463,yigo village,13.5361,144.8886,299.77,90,20,2.57,GU,1697233858
464,rovinj,45.08,13.64,291.05,88,30,4.1,HR,1697233858
465,kaohsiung,22.6163,120.3133,298.73,91,40,1.54,TW,1697233859
466,laguna,38.421,-121.4238,301.1,34,0,3.09,US,1697233859
467,ghormach,35.7306,63.7826,280.8,37,0,2.92,AF,1697233859
468,parun,35.4207,70.9221,278.82,86,68,0.68,AF,1697233859
469,sungai raya,0.7,108.9,298.76,88,100,1.66,ID,1697233859
470,pangody,65.85,74.4859,274.23,98,100,4.79,RU,1697233860
471,nagato,34.3833,131.2,291.92,63,100,1.44,JP,1697233695
472,tsiombe,-25.3,45.4833,296.52,85,85,2.4,MG,1697233860
473,tazacorte,28.629,-17.9293,302.12,24,0,3.58,ES,1697233860
474,toropets,56.4978,31.6353,280.72,80,100,4.12,RU,1697233861
475,grudki,53.0949,23.6685,288.72,79,100,6.99,PL,1697233861
476,taoudenni,22.6783,-3.9836,303.13,14,0,4.75,ML,1697233861
477,taro,-8.3862,115.28,295.15,96,71,0.36,ID,1697233861
478,guane,22.2025,-84.0875,302.48,74,100,2.75,CU,1697233862
479,zambezi,-13.5432,23.1047,295.72,59,68,2.02,ZM,1697233862
480,port blair,11.6667,92.75,298.17,100,20,1.03,IN,1697233862
481,tolga,34.7222,5.3785,297.6,26,0,2.93,DZ,1697233863
482,kathmandu,27.7167,85.3167,291.27,94,75,1.54,NP,1697233863
483,gadag,15.4167,75.6167,298.06,58,98,5.02,IN,1697233863
484,moussoro,13.6408,16.4901,307.3,18,20,3.29,TD,1697233863
485,sao miguel,-5.4667,-35.3667,299.58,83,6,8.1,BR,1697233864
486,zhanibek,49.4167,46.85,284.12,53,100,3.38,KZ,1697233864
487,palikir - national government center,6.9248,158.1611,300.34,75,100,2.02,FM,1697233864
488,sassenburg,52.5167,10.6333,294.91,88,99,7.49,DE,1697233864
489,armavir,44.9892,41.1234,285.75,42,68,1.48,RU,1697233864
490,icod de los vinos,28.3724,-16.7119,302.3,23,13,2.83,ES,1697233865
491,gaspe,48.8334,-64.4819,285.1,93,100,1.03,CA,1697233851
492,kolonia,50.9333,6.95,294.8,68,100,1.34,DE,1697233863
493,hauterive,46.0901,3.4459,296.57,58,98,3.71,FR,1697233865
494,mount pleasant,32.7941,-79.8626,296.27,97,100,3.09,US,1697233866
495,linares,-35.85,-71.6,289.53,73,100,2.1,CL,1697233866
496,tadine,-21.55,167.8833,293.94,90,100,7.06,NC,1697233757
497,mareeba,-17.0,145.4333,294.51,75,44,1.64,AU,1697233866
498,dongning,44.0622,131.1207,282.97,67,79,1.68,CN,1697233867
499,tual,-5.6667,132.75,300.17,85,97,6.75,ID,1697233867
500,ulan bator,47.9077,106.8832,269.22,80,0,1.0,MN,1697233832
501,ngereklmadel,7.4883,134.4856,300.2,89,75,2.06,PW,1697233867
502,luena,-11.7833,19.9167,297.25,60,0,4.12,AO,1697233868
503,rongelap,11.1635,166.8941,301.41,76,93,3.28,MH,1697233757
504,bestobe,52.4994,73.0975,278.68,44,63,7.67,KZ,1697233868
505,riasi,33.0833,74.8333,294.27,43,85,3.29,IN,1697233868
506,san julian,21.0167,-102.1667,298.44,35,21,1.99,MX,1697233753
507,qusar,41.4273,48.4289,282.15,69,0,1.74,AZ,1697233869
508,kulhudhuffushi,6.6221,73.07,299.31,83,100,3.02,MV,1697233869
509,nadym,65.5333,72.5167,274.82,99,100,5.2,RU,1697233869
510,qusmuryn,52.4503,64.6311,281.8,53,100,8.29,KZ,1697233869
511,kurtamysh,54.9103,64.4319,279.02,62,100,5.36,RU,1697233870
512,tobruk,32.0836,23.9764,294.68,68,1,3.33,LY,1697233870
513,choibalsan,48.0667,114.5,279.81,48,20,4.38,MN,1697233870
514,dudinka,69.4058,86.1778,274.64,93,98,6.71,RU,1697233867
515,odda,60.0691,6.5457,282.47,90,84,6.64,NO,1697233871
516,shiguai,40.7058,110.2856,280.29,39,0,0.94,CN,1697233871
517,kiunga,-6.1219,141.2906,297.58,95,93,1.96,PG,1697233871
518,meldola,44.1283,12.0625,293.19,73,0,0.89,IT,1697233871
519,lubango,-14.9172,13.4925,292.07,59,96,2.57,AO,1697233872
520,leh,34.1667,77.5833,278.36,41,1,1.98,IN,1697233872
521,urangan,-25.3,152.9,293.14,76,6,1.32,AU,1697233872
522,roswell,34.0232,-84.3616,292.27,88,100,2.06,US,1697233854
523,manokwari,-0.8667,134.0833,299.62,78,100,1.05,ID,1697233873
524,luganville,-15.5333,167.1667,300.56,72,95,4.34,VU,1697233873
525,kalmunai,7.4167,81.8167,298.02,89,100,3.06,LK,1697233873
526,magnolia,33.2671,-93.2393,298.08,73,87,2.55,US,1697233688
527,kodinsk,58.6881,99.1844,274.51,85,100,2.13,RU,1697233874
528,luhacovice,49.0998,17.7575,292.66,90,34,2.83,CZ,1697233874
529,korla,41.7597,86.1469,289.96,34,31,3.95,CN,1697233874
530,leninsk,48.7119,45.1994,286.05,58,100,2.56,RU,1697233874
531,ghatanji,20.1333,78.3167,297.31,67,12,1.31,IN,1697233875
532,arroyo,41.6096,-4.7969,292.71,72,0,2.06,ES,1697233875
533,bodo,67.28,14.405,279.17,65,0,11.32,NO,1697233875
534,kristiansund,63.1115,7.732,279.51,87,40,3.09,NO,1697233876
535,pisco,-13.7,-76.2167,294.18,68,0,8.23,PE,1697233876
536,yur'yevets,57.3201,43.1041,279.56,83,33,6.4,RU,1697233876
537,al bawiti,28.3492,28.8659,294.89,47,0,2.63,EG,1697233876
538,wanning,18.8003,110.3967,297.76,88,100,3.79,CN,1697233877
539,alice springs,-23.7,133.8833,283.9,35,0,0.0,AU,1697233877
540,sarpol-e zahab,34.4611,45.8626,294.59,38,0,0.39,IR,1697233877
541,axim,4.8699,-2.2405,298.41,92,98,2.91,GH,1697233877
542,jamaame,0.0697,42.745,298.47,89,12,2.61,SO,1697233878
543,arenapolis,-14.4503,-56.8461,305.0,42,96,1.35,BR,1697233878
544,queenstown,-31.8976,26.8753,284.29,72,82,2.32,ZA,1697233878
545,point pedro,9.8167,80.2333,299.21,83,51,4.36,LK,1697233879
546,changyon,38.2508,125.0961,286.35,78,99,1.5,KP,1697233879
547,labasa,-16.4167,179.3833,301.49,70,63,3.49,FJ,1697233879
548,talaja,21.35,72.05,301.69,61,0,2.25,IN,1697233879
549,villa regina,-39.1,-67.0667,297.58,15,97,0.89,AR,1697233880
550,sheregesh,52.9209,87.9869,276.29,90,78,0.18,RU,1697233880
551,prado,-17.3411,-39.2208,297.97,85,91,7.01,BR,1697233880
552,pitimbu,-7.4706,-34.8086,300.48,79,6,6.45,BR,1697233880
553,palu,-0.8917,119.8707,297.46,94,69,1.61,ID,1697233880
554,xilin hot,43.9667,116.0333,277.62,58,0,3.53,CN,1697233721
555,sinabang,2.4803,96.3801,298.3,89,94,2.97,ID,1697233881
556,golfito,8.639,-83.166,300.42,89,100,1.62,CR,1697233881
557,gadzhiyevo,69.2551,33.3362,273.91,80,18,2.99,RU,1697233881
558,zhezqazghan,47.7833,67.7667,278.24,51,75,4.19,KZ,1697233882
559,longquan,24.6719,102.1613,288.99,96,100,1.16,CN,1697233882
560,indramayu,-6.3264,108.32,299.41,70,45,3.67,ID,1697233882
561,gizo,-8.103,156.8419,300.75,75,91,0.93,SB,1697233883
562,toma,12.7667,-2.8833,304.1,37,76,0.44,BF,1697233883
563,bodaybo,57.8506,114.1933,275.33,82,100,6.07,RU,1697233883
564,qinzhou,21.95,108.6167,294.2,77,99,3.41,CN,1697233883
565,parkersburg,39.2667,-81.5615,297.78,52,0,2.57,US,1697233742
566,neryungri,56.6709,124.6491,273.84,77,100,5.59,RU,1697233865
567,cranbrook,49.4999,-115.7688,286.06,62,75,1.54,CA,1697233884
